,user,role,email,pc
0,usr-bcc,Technical,usr-bcc@technova-innovations.net,pc0
1,usr-fxz,Legal,usr-fxz@technova-innovations.net,pc1
2,usr-jit,HR,usr-jit@technova-innovations.net,pc2
3,usr-bsv,HR,usr-bsv@technova-innovations.net,pc3
4,usr-num,Security,usr-num@technova-innovations.net,pc4
5,usr-qlr,Services,usr-qlr@technova-innovations.net,pc5
6,usr-qib,Services,usr-qib@technova-innovations.net,pc6
7,usr-lok,Services,usr-lok@technova-innovations.net,pc7
8,usr-nqf,Director,usr-nqf@technova-innovations.net,pc8
9,usr-hha,HR,usr-hha@technova-innovations.net,pc9
10,usr-feq,Director,usr-feq@technova-innovations.net,pc10
11,usr-qvr,HR,usr-qvr@technova-innovations.net,pc11
12,usr-ozn,Security,usr-ozn@technova-innovations.net,pc12
13,usr-ylz,Legal,usr-ylz@technova-innovations.net,pc13
14,usr-lof,Services,usr-lof@technova-innovations.net,pc14
15,usr-mwx,Director,usr-mwx@technova-innovations.net,pc15
16,usr-qhp,HR,usr-qhp@technova-innovations.net,pc16
17,usr-pqq,Security,usr-pqq@technova-innovations.net,pc17
18,usr-lvo,Services,usr-lvo@technova-innovations.net,pc18
19,usr-ols,Security,usr-ols@technova-innovations.net,pc19
20,usr-rxo,Director,usr-rxo@technova-innovations.net,pc20
21,usr-hkw,Security,usr-hkw@technova-innovations.net,pc21
22,usr-tiy,Services,usr-tiy@technova-innovations.net,pc22
23,usr-jjz,Legal,usr-jjz@technova-innovations.net,pc23
24,usr-qrq,Director,usr-qrq@technova-innovations.net,pc24
25,usr-tsn,Technical,usr-tsn@technova-innovations.net,pc25
26,usr-gpq,Technical,usr-gpq@technova-innovations.net,pc26
27,usr-vtc,Security,usr-vtc@technova-innovations.net,pc27
28,usr-kxa,Services,usr-kxa@technova-innovations.net,pc28
29,usr-gxd,Finance,usr-gxd@technova-innovations.net,pc29
30,usr-ubi,Legal,usr-ubi@technova-innovations.net,pc30
31,usr-vdy,Director,usr-vdy@technova-innovations.net,pc31
32,usr-ihg,Services,usr-ihg@technova-innovations.net,pc32
33,usr-bnw,Security,usr-bnw@technova-innovations.net,pc33
34,usr-bll,HR,usr-bll@technova-innovations.net,pc34
35,usr-vac,Finance,usr-vac@technova-innovations.net,pc35
36,usr-cab,Security,usr-cab@technova-innovations.net,pc36
37,usr-ali,Finance,usr-ali@technova-innovations.net,pc37
38,usr-fxf,Director,usr-fxf@technova-innovations.net,pc38
39,usr-ams,Finance,usr-ams@technova-innovations.net,pc39
40,usr-heb,Finance,usr-heb@technova-innovations.net,pc40
41,usr-tux,Security,usr-tux@technova-innovations.net,pc41
42,usr-jkp,Finance,usr-jkp@technova-innovations.net,pc42
43,usr-ory,Legal,usr-ory@technova-innovations.net,pc43
44,usr-biy,Technical,usr-biy@technova-innovations.net,pc44
45,usr-twe,Director,usr-twe@technova-innovations.net,pc45
46,usr-hcv,Legal,usr-hcv@technova-innovations.net,pc46
47,usr-dao,Security,usr-dao@technova-innovations.net,pc47
48,usr-eqs,Security,usr-eqs@technova-innovations.net,pc48
49,usr-pqk,HR,usr-pqk@technova-innovations.net,pc49
50,usr-kii,Legal,usr-kii@technova-innovations.net,pc50
51,usr-nua,Legal,usr-nua@technova-innovations.net,pc51
52,usr-evb,HR,usr-evb@technova-innovations.net,pc52
53,usr-eff,Finance,usr-eff@technova-innovations.net,pc53
54,usr-uhq,Services,usr-uhq@technova-innovations.net,pc54
55,usr-wbh,HR,usr-wbh@technova-innovations.net,pc55
56,usr-oci,Finance,usr-oci@technova-innovations.net,pc56
57,usr-htz,Security,usr-htz@technova-innovations.net,pc57
58,usr-wli,Legal,usr-wli@technova-innovations.net,pc58
59,usr-iqy,Finance,usr-iqy@technova-innovations.net,pc59
60,usr-bmn,HR,usr-bmn@technova-innovations.net,pc60
61,usr-qxc,HR,usr-qxc@technova-innovations.net,pc61
62,usr-daf,Security,usr-daf@technova-innovations.net,pc62
63,usr-dga,Director,usr-dga@technova-innovations.net,pc63
64,usr-ooj,Director,usr-ooj@technova-innovations.net,pc64
65,usr-mgv,Services,usr-mgv@technova-innovations.net,pc65
66,usr-gxz,Director,usr-gxz@technova-innovations.net,pc66
67,usr-qas,Legal,usr-qas@technova-innovations.net,pc67
68,usr-nqs,HR,usr-nqs@technova-innovations.net,pc68
69,usr-dvz,Director,usr-dvz@technova-innovations.net,pc69
70,usr-aqd,Legal,usr-aqd@technova-innovations.net,pc70
71,usr-jwl,Technical,usr-jwl@technova-innovations.net,pc71
72,usr-vnd,Finance,usr-vnd@technova-innovations.net,pc72
73,usr-gyv,Security,usr-gyv@technova-innovations.net,pc73
74,usr-zob,Technical,usr-zob@technova-innovations.net,pc74
75,usr-pog,Services,usr-pog@technova-innovations.net,pc75
76,usr-tca,HR,usr-tca@technova-innovations.net,pc76
77,usr-ljx,Finance,usr-ljx@technova-innovations.net,pc77
78,usr-ypg,Finance,usr-ypg@technova-innovations.net,pc78
79,usr-lmw,Director,usr-lmw@technova-innovations.net,pc79
80,usr-ylm,Services,usr-ylm@technova-innovations.net,pc80
81,usr-idd,Finance,usr-idd@technova-innovations.net,pc81
82,usr-kum,Services,usr-kum@technova-innovations.net,pc82
83,usr-wda,Legal,usr-wda@technova-innovations.net,pc83
84,usr-pyb,Security,usr-pyb@technova-innovations.net,pc84
85,usr-pjl,Services,usr-pjl@technova-innovations.net,pc85
86,usr-ezl,HR,usr-ezl@technova-innovations.net,pc86
87,usr-qpx,Services,usr-qpx@technova-innovations.net,pc87
88,usr-znp,Security,usr-znp@technova-innovations.net,pc88
89,usr-jmh,HR,usr-jmh@technova-innovations.net,pc89
90,usr-tir,Technical,usr-tir@technova-innovations.net,pc90
91,usr-vwc,Legal,usr-vwc@technova-innovations.net,pc91
92,usr-sdc,Technical,usr-sdc@technova-innovations.net,pc92
93,usr-rez,Technical,usr-rez@technova-innovations.net,pc93
94,usr-czc,Services,usr-czc@technova-innovations.net,pc94
95,usr-vzu,Finance,usr-vzu@technova-innovations.net,pc95
96,usr-jmh,Legal,usr-jmh@technova-innovations.net,pc96
97,usr-vko,HR,usr-vko@technova-innovations.net,pc97
98,usr-jde,Director,usr-jde@technova-innovations.net,pc98
99,usr-ynd,Technical,usr-ynd@technova-innovations.net,pc99
